Date,HostTimestamp,NodeName,NodeTimestamp,RawData,X (mGa),Y (mGa),Z (mGa)
01/07/2021 11:43:40.297,1955452,BM2V220 @313548,53119,D6FF55FFFAFB,-42,-171,-1030
01/07/2021 11:43:40.357,1955484,BM2V220 @313548,53125,CDFF57FFF8FB,-51,-169,-1032
01/07/2021 11:43:40.386,1955514,BM2V220 @313548,53132,DCFF54FFFEFB,-36,-172,-1026
01/07/2021 11:43:40.447,1955574,BM2V220 @313548,53138,DBFF52FFFBFB,-37,-174,-1029
01/07/2021 11:43:40.507,1955634,BM2V220 @313548,53144,D5FF5BFFF4FB,-43,-165,-1036
01/07/2021 11:43:40.537,1955664,BM2V220 @313548,53150,D0FF52FFF7FB,-48,-174,-1033
01/07/2021 11:43:40.597,1955724,BM2V220 @313548,53157,D3FF54FF00FC,-45,-172,-1024
01/07/2021 11:43:40.657,1955785,BM2V220 @313548,53163,CCFF55FFF2FB,-52,-171,-1038
01/07/2021 11:43:40.686,1955813,BM2V220 @313548,53169,D0FF55FF00FC,-48,-171,-1024
01/07/2021 11:43:40.747,1955874,BM2V220 @313548,53175,D5FF54FFFBFB,-43,-172,-1029
01/07/2021 11:43:40.807,1955934,BM2V220 @313548,53182,D3FF54FFF7FB,-45,-172,-1033
01/07/2021 11:43:40.837,1955964,BM2V220 @313548,53188,D6FF5AFFFAFB,-42,-166,-1030
01/07/2021 11:43:40.897,1956024,BM2V220 @313548,53194,D3FF57FFF4FB,-45,-169,-1036
01/07/2021 11:43:40.957,1956084,BM2V220 @313548,53200,D6FF57FF00FC,-42,-169,-1024
01/07/2021 11:43:40.986,1956113,BM2V220 @313548,53207,DCFF57FFFBFB,-36,-169,-1029
01/07/2021 11:43:41.046,1956173,BM2V220 @313548,53213,D5FF54FFFDFB,-43,-172,-1027
01/07/2021 11:43:41.107,1956234,BM2V220 @313548,53219,D6FF5AFF04FC,-42,-166,-1020
01/07/2021 11:43:41.137,1956264,BM2V220 @313548,53225,CFFF5AFFFBFB,-49,-166,-1029
01/07/2021 11:43:41.197,1956324,BM2V220 @313548,53232,DFFF57FF03FC,-33,-169,-1021
01/07/2021 11:43:41.257,1956384,BM2V220 @313548,53238,CCFF5EFF04FC,-52,-162,-1020
01/07/2021 11:43:41.286,1956413,BM2V220 @313548,53244,D8FF55FFFAFB,-40,-171,-1030
01/07/2021 11:43:41.347,1956474,BM2V220 @313548,53250,D3FF54FF04FC,-45,-172,-1020
01/07/2021 11:43:41.407,1956535,BM2V220 @313548,53257,D3FF5DFFFAFB,-45,-163,-1030
01/07/2021 11:43:41.437,1956574,BM2V220 @313548,53263,D6FF54FFF8FB,-42,-172,-1032
01/07/2021 11:43:41.497,1956624,BM2V220 @313548,53269,CDFF5BFFFBFB,-51,-165,-1029
01/07/2021 11:43:41.557,1956685,BM2V220 @313548,53275,D6FF5BFF01FC,-42,-165,-1023
01/07/2021 11:43:41.586,1956713,BM2V220 @313548,53282,D5FF5AFF04FC,-43,-166,-1020
01/07/2021 11:43:41.647,1956774,BM2V220 @313548,53288,BBFF67FF0CFC,-69,-153,-1012
01/07/2021 11:43:41.707,1956834,BM2V220 @313548,53294,9CFF99FFE8FB,-100,-103,-1048
01/07/2021 11:43:41.737,1956864,BM2V220 @313548,53300,A9FFC9FFC7FB,-87,-55,-1081
01/07/2021 11:43:41.797,1956924,BM2V220 @313548,53307,AEFFF4FF9BFB,-82,-12,-1125
01/07/2021 11:43:41.857,1956985,BM2V220 @313548,53313,01000A009AFB,1,10,-1126
01/07/2021 11:43:41.886,1957014,BM2V220 @313548,53319,7C00F4FFC8FB,124,-12,-1080
01/07/2021 11:43:41.947,1957075,BM2V220 @313548,53325,F000E5FF16FC,240,-27,-1002
01/07/2021 11:43:42.007,1957134,BM2V220 @313548,53332,5101E2FF72FC,337,-30,-910
01/07/2021 11:43:42.037,1957164,BM2V220 @313548,53338,9C01DFFFACFC,412,-33,-852
01/07/2021 11:43:42.097,1957224,BM2V220 @313548,53344,BC010600F7FC,444,6,-777
01/07/2021 11:43:42.157,1957284,BM2V220 @313548,53350,E001430036FD,480,67,-714
01/07/2021 11:43:42.186,1957313,BM2V220 @313548,53357,EC017C0053FD,492,124,-685
01/07/2021 11:43:42.247,1957374,BM2V220 @313548,53363,EF01990066FD,495,153,-666
01/07/2021 11:43:42.307,1957434,BM2V220 @313548,53369,ED01960057FD,493,150,-681
01/07/2021 11:43:42.337,1957464,BM2V220 @313548,53375,E101990032FD,481,153,-718
01/07/2021 11:43:42.396,1957523,BM2V220 @313548,53382,DD017900F4FC,477,121,-780
01/07/2021 11:43:42.456,1957583,BM2V220 @313548,53388,CE014900B7FC,462,73,-841
01/07/2021 11:43:42.486,1957614,BM2V220 @313548,53394,B901F7FF78FC,441,-9,-904
01/07/2021 11:43:42.546,1957673,BM2V220 @313548,53400,9F0194FF4EFC,415,-108,-946
01/07/2021 11:43:42.607,1957734,BM2V220 @313548,53407,630121FF42FC,355,-223,-958
01/07/2021 11:43:42.637,1957763,BM2V220 @313548,53413,2101D7FE2BFC,289,-297,-981
01/07/2021 11:43:42.697,1957823,BM2V220 @313548,53419,BE00BEFE21FC,190,-322,-991
01/07/2021 11:43:42.757,1957884,BM2V220 @313548,53425,7C00C5FEFAFB,124,-315,-1030
01/07/2021 11:43:42.786,1957913,BM2V220 @313548,53432,4900D1FEA4FB,73,-303,-1116
01/07/2021 11:43:42.846,1957973,BM2V220 @313548,53438,2A0049FF41FB,42,-183,-1215
01/07/2021 11:43:42.907,1958034,BM2V220 @313548,53444,3400ABFF4CFB,52,-85,-1204
01/07/2021 11:43:42.937,1958064,BM2V220 @313548,53450,3400D6FF79FB,52,-42,-1159
01/07/2021 11:43:42.997,1958124,BM2V220 @313548,53457,3600E4FF94FB,54,-28,-1132
01/07/2021 11:43:43.057,1958185,BM2V220 @313548,53463,5200D8FFB0FB,82,-40,-1104
01/07/2021 11:43:43.088,1958215,BM2V220 @313548,53469,9C00C0FFF4FB,156,-64,-1036
01/07/2021 11:43:43.147,1958274,BM2V220 @313548,53475,1A0196FF58FC,282,-106,-936
01/07/2021 11:43:43.207,1958334,BM2V220 @313548,53482,6F01E7FFF0FC,367,-25,-784
01/07/2021 11:43:43.237,1958364,BM2V220 @313548,53488,C9011B00EEFC,457,27,-786
01/07/2021 11:43:43.297,1958424,BM2V220 @313548,53494,E301ACFF8BFC,483,-84,-885
01/07/2021 11:43:43.356,1958484,BM2V220 @313548,53500,A50143FF0DFC,421,-189,-1011
01/07/2021 11:43:43.386,1958513,BM2V220 @313548,53507,2C014EFFC4FB,300,-178,-1084
01/07/2021 11:43:43.447,1958574,BM2V220 @313548,53513,C700B8FFB8FB,199,-72,-1096
01/07/2021 11:43:43.507,1958634,BM2V220 @313548,53519,DC00D2FFB6FB,220,-46,-1098
01/07/2021 11:43:43.537,1958664,BM2V220 @313548,53525,E500E5FFE3FB,229,-27,-1053
01/07/2021 11:43:43.597,1958724,BM2V220 @313548,53532,2A012400D4FB,298,36,-1068
01/07/2021 11:43:43.657,1958784,BM2V220 @313548,53538,290115009AFB,297,21,-1126
01/07/2021 11:43:43.686,1958813,BM2V220 @313548,53544,A600D8FFB6FB,166,-40,-1098
01/07/2021 11:43:43.747,1958874,BM2V220 @313548,53550,1200E7FFB3FB,18,-25,-1101
01/07/2021 11:43:43.807,1958934,BM2V220 @313548,53557,E5FF16009EFB,-27,22,-1122
01/07/2021 11:43:43.837,1958964,BM2V220 @313548,53563,0600210097FB,6,33,-1129
01/07/2021 11:43:43.897,1959024,BM2V220 @313548,53569,3A000400A6FB,58,4,-1114
01/07/2021 11:43:43.957,1959084,BM2V220 @313548,53575,C000C1FF16FC,192,-63,-1002
01/07/2021 11:43:43.986,1959113,BM2V220 @313548,53582,4E0197FF9CFC,334,-105,-868
01/07/2021 11:43:44.047,1959174,BM2V220 @313548,53588,9301AFFFEDFC,403,-81,-787
01/07/2021 11:43:44.107,1959234,BM2V220 @313548,53594,B601B7FF11FD,438,-73,-751
01/07/2021 11:43:44.137,1959263,BM2V220 @313548,53600,B901BEFFC6FC,441,-66,-826
01/07/2021 11:43:44.197,1959324,BM2V220 @313548,53607,B90197FF22FC,441,-105,-990
01/07/2021 11:43:44.257,1959384,BM2V220 @313548,53613,5F01A0FFA3FB,351,-96,-1117
01/07/2021 11:43:44.286,1959413,BM2V220 @313548,53619,A000A2FF9AFB,160,-94,-1126
01/07/2021 11:43:44.346,1959473,BM2V220 @313548,53625,2700C0FFA6FB,39,-64,-1114
01/07/2021 11:43:44.407,1959534,BM2V220 @313548,53632,0A00BDFF92FB,10,-67,-1134
01/07/2021 11:43:44.437,1959564,BM2V220 @313548,53638,6700B5FFDAFB,103,-75,-1062
01/07/2021 11:43:44.497,1959624,BM2V220 @313548,53644,FF0099FF3AFC,255,-103,-966
01/07/2021 11:43:44.557,1959683,BM2V220 @313548,53650,5C0184FFABFC,348,-124,-853
01/07/2021 11:43:44.586,1959713,BM2V220 @313548,53657,8C017EFFEDFC,396,-130,-787
01/07/2021 11:43:44.647,1959773,BM2V220 @313548,53663,990188FF00FD,409,-120,-768
01/07/2021 11:43:44.707,1959833,BM2V220 @313548,53669,9F0197FFC7FC,415,-105,-825
01/07/2021 11:43:44.737,1959863,BM2V220 @313548,53675,9F01A9FF37FC,415,-87,-969
01/07/2021 11:43:44.797,1959923,BM2V220 @313548,53682,6801B8FFB9FB,360,-72,-1095
01/07/2021 11:43:44.857,1959985,BM2V220 @313548,53688,DB00AEFFACFB,219,-82,-1108
01/07/2021 11:43:44.886,1960013,BM2V220 @313548,53694,2700A9FFD6FB,39,-87,-1066
01/07/2021 11:43:44.946,1960073,BM2V220 @313548,53700,DCFFC4FFC8FB,-36,-60,-1080
01/07/2021 11:43:45.006,1960133,BM2V220 @313548,53707,EBFFBAFF9BFB,-21,-70,-1125
01/07/2021 11:43:45.037,1960164,BM2V220 @313548,53713,3F00AEFFBFFB,63,-82,-1089
01/07/2021 11:43:45.097,1960224,BM2V220 @313548,53719,D80078FF19FC,216,-136,-999
01/07/2021 11:43:45.157,1960284,BM2V220 @313548,53725,330172FF8EFC,307,-142,-882
01/07/2021 11:43:45.186,1960313,BM2V220 @313548,53732,7A0163FFD5FC,378,-157,-811
01/07/2021 11:43:45.247,1960374,BM2V220 @313548,53738,89015DFFF0FC,393,-163,-784
01/07/2021 11:43:45.307,1960434,BM2V220 @313548,53744,930179FFC9FC,403,-135,-823
01/07/2021 11:43:45.337,1960464,BM2V220 @313548,53750,980178FF6AFC,408,-136,-918
01/07/2021 11:43:45.397,1960524,BM2V220 @313548,53757,720179FFE5FB,370,-135,-1051
01/07/2021 11:43:45.457,1960586,BM2V220 @313548,53763,F100A2FFACFB,241,-94,-1108
01/07/2021 11:43:45.486,1960613,BM2V220 @313548,53769,3F00A8FFD7FB,63,-88,-1065
01/07/2021 11:43:45.547,1960674,BM2V220 @313548,53775,BDFFA5FF03FC,-67,-91,-1021
01/07/2021 11:43:45.607,1960734,BM2V220 @313548,53782,A6FF9CFF1FFC,-90,-100,-993
01/07/2021 11:43:45.637,1960764,BM2V220 @313548,53788,A3FFA0FF1FFC,-93,-96,-993
01/07/2021 11:43:45.697,1960825,BM2V220 @313548,53794,9DFF93FF25FC,-99,-109,-987
01/07/2021 11:43:45.757,1960884,BM2V220 @313548,53800,9CFF96FF1CFC,-100,-106,-996
01/07/2021 11:43:45.786,1960913,BM2V220 @313548,53807,9FFF93FF24FC,-97,-109,-988
01/07/2021 11:43:45.847,1960973,BM2V220 @313548,53813,A3FF94FF21FC,-93,-108,-991
01/07/2021 11:43:45.907,1961034,BM2V220 @313548,53819,A5FF91FF1FFC,-91,-111,-993
01/07/2021 11:43:45.937,1961064,BM2V220 @313548,53825,B1FF91FF1BFC,-79,-111,-997
01/07/2021 11:43:45.997,1961124,BM2V220 @313548,53832,AFFF99FF16FC,-81,-103,-1002
01/07/2021 11:43:46.057,1961184,BM2V220 @313548,53838,A6FF9DFF1EFC,-90,-99,-994
01/07/2021 11:43:46.086,1961213,BM2V220 @313548,53844,A8FF9AFF1EFC,-88,-102,-994
01/07/2021 11:43:46.146,1961273,BM2V220 @313548,53850,9DFF94FF13FC,-99,-108,-1005
01/07/2021 11:43:46.207,1961333,BM2V220 @313548,53857,ACFF93FF13FC,-84,-109,-1005
01/07/2021 11:43:46.237,1961364,BM2V220 @313548,53863,A5FF8DFF16FC,-91,-115,-1002
01/07/2021 11:43:46.296,1961423,BM2V220 @313548,53869,85FF97FF09FC,-123,-105,-1015
01/07/2021 11:43:46.357,1961483,BM2V220 @313548,53875,66FFB2FFEEFB,-154,-78,-1042
01/07/2021 11:43:46.386,1961513,BM2V220 @313548,53882,70FFC9FFCEFB,-144,-55,-1074
01/07/2021 11:43:46.447,1961573,BM2V220 @313548,53888,7FFFDCFFCBFB,-129,-36,-1077
01/07/2021 11:43:46.507,1961634,BM2V220 @313548,53894,A0FFE1FF94FB,-96,-31,-1132
01/07/2021 11:43:46.537,1961663,BM2V220 @313548,53900,D5FF97FF80FB,-43,-105,-1152
01/07/2021 11:43:46.597,1961724,BM2V220 @313548,53907,5A0087FFB6FB,90,-121,-1098
01/07/2021 11:43:46.657,1961784,BM2V220 @313548,53913,CF0036FFCAFB,207,-202,-1078
01/07/2021 11:43:46.686,1961814,BM2V220 @313548,53919,8D0006FFE2FB,141,-250,-1054
01/07/2021 11:43:46.747,1961874,BM2V220 @313548,53925,EBFF6AFF43FC,-21,-150,-957
01/07/2021 11:43:46.807,1961934,BM2V220 @313548,53932,66FFA0FF0FFC,-154,-96,-1009
01/07/2021 11:43:46.837,1961964,BM2V220 @313548,53938,4BFFCAFFF2FB,-181,-54,-1038
01/07/2021 11:43:46.897,1962024,BM2V220 @313548,53944,55FFE4FFE3FB,-171,-28,-1053
01/07/2021 11:43:46.957,1962084,BM2V220 @313548,53950,52FFE2FFD6FB,-174,-30,-1066
01/07/2021 11:43:46.987,1962114,BM2V220 @313548,53957,75FFE2FFB9FB,-139,-30,-1095
01/07/2021 11:43:47.047,1962174,BM2V220 @313548,53963,B7FFB7FF8CFB,-73,-73,-1140
01/07/2021 11:43:47.107,1962234,BM2V220 @313548,53969,04008EFFAAFB,4,-114,-1110
01/07/2021 11:43:47.137,1962265,BM2V220 @313548,53975,AB007CFFB0FB,171,-132,-1104
01/07/2021 11:43:47.197,1962324,BM2V220 @313548,53982,C90045FFB0FB,201,-187,-1104
01/07/2021 11:43:47.257,1962384,BM2V220 @313548,53988,4B005AFFF7FB,75,-166,-1033
01/07/2021 11:43:47.286,1962413,BM2V220 @313548,53994,93FF8BFF00FC,-109,-117,-1024
01/07/2021 11:43:47.347,1962474,BM2V220 @313548,54000,55FFBEFFE3FB,-171,-66,-1053
01/07/2021 11:43:47.407,1962534,BM2V220 @313548,54007,5DFFDFFFD1FB,-163,-33,-1071
01/07/2021 11:43:47.437,1962564,BM2V220 @313548,54013,5EFFDFFFC1FB,-162,-33,-1087
01/07/2021 11:43:47.497,1962624,BM2V220 @313548,54019,8AFFE4FFB2FB,-118,-28,-1102
01/07/2021 11:43:47.557,1962684,BM2V220 @313548,54025,E2FFD6FF9DFB,-30,-42,-1123
01/07/2021 11:43:47.586,1962713,BM2V220 @313548,54032,4C00C9FF9EFB,76,-55,-1122
01/07/2021 11:43:47.647,1962774,BM2V220 @313548,54038,A90081FFB2FB,169,-127,-1102
01/07/2021 11:43:47.706,1962834,BM2V220 @313548,54044,A90018FFDFFB,169,-232,-1057
01/07/2021 11:43:47.737,1962864,BM2V220 @313548,54050,F9FF6DFFFDFB,-7,-147,-1027
01/07/2021 11:43:47.797,1962924,BM2V220 @313548,54057,6DFFB4FFD1FB,-147,-76,-1071
01/07/2021 11:43:47.857,1962984,BM2V220 @313548,54063,8BFFC6FFD7FB,-117,-58,-1065
01/07/2021 11:43:47.886,1963013,BM2V220 @313548,54069,8AFFCDFFD3FB,-118,-51,-1069
01/07/2021 11:43:47.947,1963074,BM2V220 @313548,54075,90FFCDFFDAFB,-112,-51,-1062
01/07/2021 11:43:48.007,1963134,BM2V220 @313548,54082,9CFFBEFFE6FB,-100,-66,-1050
01/07/2021 11:43:48.037,1963164,BM2V220 @313548,54088,99FFB5FFE0FB,-103,-75,-1056
01/07/2021 11:43:48.097,1963224,BM2V220 @313548,54094,99FFBBFFDDFB,-103,-69,-1059
01/07/2021 11:43:48.157,1963283,BM2V220 @313548,54100,9CFFB7FFD1FB,-100,-73,-1071
01/07/2021 11:43:48.186,1963313,BM2V220 @313548,54107,96FFBBFFDAFB,-106,-69,-1062
01/07/2021 11:43:48.246,1963373,BM2V220 @313548,54113,A2FFB8FFDDFB,-94,-72,-1059
01/07/2021 11:43:48.307,1963434,BM2V220 @313548,54119,9AFFC0FFDDFB,-102,-64,-1059
01/07/2021 11:43:48.337,1963463,BM2V220 @313548,54125,91FFB7FFE2FB,-111,-73,-1054
01/07/2021 11:43:48.397,1963524,BM2V220 @313548,54132,9CFFAFFFE2FB,-100,-81,-1054
01/07/2021 11:43:48.457,1963584,BM2V220 @313548,54138,96FFA9FFE6FB,-106,-87,-1050
01/07/2021 11:43:48.486,1963613,BM2V220 @313548,54144,8EFFA2FFEEFB,-114,-94,-1042
01/07/2021 11:43:48.547,1963674,BM2V220 @313548,54150,79FFA3FFEFFB,-135,-93,-1041
01/07/2021 11:43:48.607,1963734,BM2V220 @313548,54157,7CFF9DFFE9FB,-132,-99,-1047
01/07/2021 11:43:48.637,1963764,BM2V220 @313548,54163,88FF87FFE9FB,-120,-121,-1047
01/07/2021 11:43:48.697,1963825,BM2V220 @313548,54169,8DFF82FFE2FB,-115,-126,-1054
01/07/2021 11:43:48.757,1963884,BM2V220 @313548,54175,ACFF7CFFD9FB,-84,-132,-1063
01/07/2021 11:43:48.787,1963913,BM2V220 @313548,54182,C7FF7EFFD9FB,-57,-130,-1063
01/07/2021 11:43:48.846,1963973,BM2V220 @313548,54188,E2FF73FFD1FB,-30,-141,-1071
01/07/2021 11:43:48.907,1964034,BM2V220 @313548,54194,E4FF64FFF8FB,-28,-156,-1032
01/07/2021 11:43:48.937,1964064,BM2V220 @313548,54200,C1FF67FF0DFC,-63,-153,-1011
01/07/2021 11:43:48.997,1964124,BM2V220 @313548,54207,7CFF99FF2EFC,-132,-103,-978
01/07/2021 11:43:49.057,1964184,BM2V220 @313548,54213,19FF0A006AFC,-231,10,-918
01/07/2021 11:43:49.087,1964214,BM2V220 @313548,54219,C2FE66006DFC,-318,102,-915
01/07/2021 11:43:49.147,1964274,BM2V220 @313548,54225,B3FEB5005AFC,-333,181,-934
01/07/2021 11:43:49.207,1964334,BM2V220 @313548,54232,D4FEBE0055FC,-300,190,-939
01/07/2021 11:43:49.237,1964364,BM2V220 @313548,54238,F1FE8D003DFC,-271,141,-963
01/07/2021 11:43:49.297,1964425,BM2V220 @313548,54244,00FF01001BFC,-256,1,-997
01/07/2021 11:43:49.357,1964484,BM2V220 @313548,54250,0AFF6AFFF7FB,-246,-150,-1033
01/07/2021 11:43:49.387,1964514,BM2V220 @313548,54257,A6FF39FFFEFB,-90,-199,-1026
01/07/2021 11:43:49.447,1964574,BM2V220 @313548,54263,2B0037FF18FC,43,-201,-1000
01/07/2021 11:43:49.507,1964634,BM2V220 @313548,54269,8A0048FF0FFC,138,-184,-1009
01/07/2021 11:43:49.537,1964664,BM2V220 @313548,54275,C90076FFF5FB,201,-138,-1035
01/07/2021 11:43:49.597,1964724,BM2V220 @313548,54282,D60063FFFAFB,214,-157,-1030
01/07/2021 11:43:49.657,1964784,BM2V220 @313548,54288,BE0048FFE8FB,190,-184,-1048
01/07/2021 11:43:49.686,1964813,BM2V220 @313548,54294,550069FFE3FB,85,-151,-1053
01/07/2021 11:43:49.747,1964874,BM2V220 @313548,54300,D9FF97FFEEFB,-39,-105,-1042
01/07/2021 11:43:49.807,1964934,BM2V220 @313548,54307,82FFA9FFF1FB,-126,-87,-1039
01/07/2021 11:43:49.837,1964963,BM2V220 @313548,54313,67FF9AFFDFFB,-153,-102,-1057
01/07/2021 11:43:49.897,1965024,BM2V220 @313548,54319,8BFF8DFFD3FB,-117,-115,-1069
01/07/2021 11:43:49.957,1965084,BM2V220 @313548,54325,CFFF7CFFD3FB,-49,-132,-1069
01/07/2021 11:43:49.986,1965113,BM2V220 @313548,54332,D0FF88FFD6FB,-48,-120,-1066
01/07/2021 11:43:50.047,1965174,BM2V220 @313548,54338,D8FF88FFD7FB,-40,-120,-1065
01/07/2021 11:43:50.107,1965235,BM2V220 @313548,54344,CAFF87FFD6FB,-54,-121,-1066
01/07/2021 11:43:50.137,1965264,BM2V220 @313548,54350,B2FF87FFE3FB,-78,-121,-1053
01/07/2021 11:43:50.197,1965324,BM2V220 @313548,54357,A2FF90FFE6FB,-94,-112,-1050
01/07/2021 11:43:50.257,1965384,BM2V220 @313548,54363,A8FF7CFFF1FB,-88,-132,-1039
01/07/2021 11:43:50.287,1965414,BM2V220 @313548,54369,ACFF7CFFF4FB,-84,-132,-1036
01/07/2021 11:43:50.347,1965474,BM2V220 @313548,54375,A9FF76FFFBFB,-87,-138,-1029
01/07/2021 11:43:50.407,1965535,BM2V220 @313548,54382,B2FF79FFFBFB,-78,-135,-1029
01/07/2021 11:43:50.437,1965564,BM2V220 @313548,54388,A3FF78FFF5FB,-93,-136,-1035
01/07/2021 11:43:50.497,1965624,BM2V220 @313548,54394,99FF6DFF07FC,-103,-147,-1017
01/07/2021 11:43:50.557,1965684,BM2V220 @313548,54400,8DFF6CFF06FC,-115,-148,-1018
01/07/2021 11:43:50.586,1965713,BM2V220 @313548,54407,94FF73FF06FC,-108,-141,-1018
01/07/2021 11:43:50.647,1965774,BM2V220 @313548,54413,8AFF66FF06FC,-118,-154,-1018
01/07/2021 11:43:50.707,1965834,BM2V220 @313548,54419,90FF6CFFFAFB,-112,-148,-1030
01/07/2021 11:43:50.737,1965864,BM2V220 @313548,54425,A6FF70FFF2FB,-90,-144,-1038
01/07/2021 11:43:50.797,1965924,BM2V220 @313548,54432,A5FF6FFFF7FB,-91,-145,-1033
01/07/2021 11:43:50.857,1965985,BM2V220 @313548,54438,94FF72FF00FC,-108,-142,-1024
01/07/2021 11:43:50.887,1966013,BM2V220 @313548,54444,93FF70FFF4FB,-109,-144,-1036
01/07/2021 11:43:50.947,1966074,BM2V220 @313548,54450,8EFF69FF00FC,-114,-151,-1024
01/07/2021 11:43:51.007,1966134,BM2V220 @313548,54457,84FF6AFF06FC,-124,-150,-1018
01/07/2021 11:43:51.037,1966164,BM2V220 @313548,54463,7FFF6DFF01FC,-129,-147,-1023
01/07/2021 11:43:51.097,1966224,BM2V220 @313548,54469,7FFF70FF09FC,-129,-144,-1015
01/07/2021 11:43:51.157,1966285,BM2V220 @313548,54475,72FF69FF09FC,-142,-151,-1015
01/07/2021 11:43:51.187,1966313,BM2V220 @313548,54482,75FF61FF28FC,-139,-159,-984
01/07/2021 11:43:51.247,1966373,BM2V220 @313548,54488,6AFF60FF27FC,-150,-160,-985
01/07/2021 11:43:51.307,1966434,BM2V220 @313548,54494,5DFF5EFF31FC,-163,-162,-975
01/07/2021 11:43:51.337,1966464,BM2V220 @313548,54500,4FFF54FF37FC,-177,-172,-969
01/07/2021 11:43:51.397,1966524,BM2V220 @313548,54507,4BFF57FF39FC,-181,-169,-967
01/07/2021 11:43:51.457,1966585,BM2V220 @313548,54513,51FF4BFF45FC,-175,-181,-955
01/07/2021 11:43:51.487,1966614,BM2V220 @313548,54519,5BFF36FF3CFC,-165,-202,-964
01/07/2021 11:43:51.547,1966674,BM2V220 @313548,54525,75FF39FF3AFC,-139,-199,-966
01/07/2021 11:43:51.607,1966735,BM2V220 @313548,54532,67FF39FF45FC,-153,-199,-955
01/07/2021 11:43:51.637,1966764,BM2V220 @313548,54538,5EFF2DFF51FC,-162,-211,-943
01/07/2021 11:43:51.697,1966824,BM2V220 @313548,54544,5EFF2DFF4CFC,-162,-211,-948
01/07/2021 11:43:51.757,1966884,BM2V220 @313548,54550,57FF51FF34FC,-169,-175,-972
01/07/2021 11:43:51.787,1966914,BM2V220 @313548,54557,48FFCCFFECFB,-184,-52,-1044
01/07/2021 11:43:51.847,1966974,BM2V220 @313548,54563,3CFFC90018FC,-196,201,-1000
01/07/2021 11:43:51.907,1967034,BM2V220 @313548,54569,28FF6001A9FC,-216,352,-855
01/07/2021 11:43:51.937,1967064,BM2V220 @313548,54575,39FF960144FD,-199,406,-700
01/07/2021 11:43:51.997,1967124,BM2V220 @313548,54582,57FF7B019CFD,-169,379,-612
01/07/2021 11:43:52.057,1967184,BM2V220 @313548,54588,5DFF72018DFD,-163,370,-627
01/07/2021 11:43:52.087,1967213,BM2V220 @313548,54594,3FFF740126FD,-193,372,-730
01/07/2021 11:43:52.147,1967275,BM2V220 @313548,54600,2BFF0F0157FC,-213,271,-937
01/07/2021 11:43:52.207,1967334,BM2V220 @313548,54607,3CFF0F00D9FB,-196,15,-1063
01/07/2021 11:43:52.237,1967364,BM2V220 @313548,54613,64FFB5FFDDFB,-156,-75,-1059
01/07/2021 11:43:52.297,1967424,BM2V220 @313548,54619,75FF66FF37FC,-139,-154,-969
01/07/2021 11:43:52.357,1967484,BM2V220 @313548,54625,24FF33FF6AFC,-220,-205,-918
01/07/2021 11:43:52.387,1967514,BM2V220 @313548,54632,24FF2EFF5EFC,-220,-210,-930
01/07/2021 11:43:52.447,1967574,BM2V220 @313548,54638,3FFF66FF03FC,-193,-154,-1021
01/07/2021 11:43:52.507,1967634,BM2V220 @313548,54644,7CFF0600A4FB,-132,6,-1116
01/07/2021 11:43:52.537,1967664,BM2V220 @313548,54650,C9FFFF00F1FB,-55,255,-1039
01/07/2021 11:43:52.597,1967724,BM2V220 @313548,54657,BDFF680111FD,-67,360,-751
01/07/2021 11:43:52.657,1967784,BM2V220 @313548,54663,1CFF6C0100FD,-228,364,-768
01/07/2021 11:43:52.687,1967813,BM2V220 @313548,54669,2EFF5701EBFC,-210,343,-789
01/07/2021 11:43:52.747,1967876,BM2V220 @313548,54675,1EFF4A01ACFC,-226,330,-852
01/07/2021 11:43:52.807,1967934,BM2V220 @313548,54682,24FF990001FC,-220,153,-1023
01/07/2021 11:43:52.837,1967964,BM2V220 @313548,54688,3FFFC6FF10FC,-193,-58,-1008
01/07/2021 11:43:52.897,1968024,BM2V220 @313548,54694,21FF75FF43FC,-223,-139,-957
01/07/2021 11:43:52.957,1968084,BM2V220 @313548,54700,13FF51FF63FC,-237,-175,-925
01/07/2021 11:43:52.987,1968114,BM2V220 @313548,54707,19FF3CFF6FFC,-231,-196,-913
01/07/2021 11:43:53.047,1968174,BM2V220 @313548,54713,1FFF40FF48FC,-225,-192,-952
01/07/2021 11:43:53.107,1968234,BM2V220 @313548,54719,36FF9AFFE8FB,-202,-102,-1048
01/07/2021 11:43:53.137,1968264,BM2V220 @313548,54725,61FF6000BFFB,-159,96,-1089
01/07/2021 11:43:53.197,1968324,BM2V220 @313548,54732,90FF21012DFC,-112,289,-979
01/07/2021 11:43:53.257,1968385,BM2V220 @313548,54738,61FF7201A0FC,-159,370,-864
01/07/2021 11:43:53.287,1968413,BM2V220 @313548,54744,43FF6B01A9FC,-189,363,-855
01/07/2021 11:43:53.347,1968474,BM2V220 @313548,54750,40FF59019CFC,-192,345,-868
01/07/2021 11:43:53.407,1968534,BM2V220 @313548,54757,30FF36017CFC,-208,310,-900
01/07/2021 11:43:53.437,1968564,BM2V220 @313548,54763,40FFA200FDFB,-192,162,-1027
01/07/2021 11:43:53.497,1968624,BM2V220 @313548,54769,49FFC7FFF8FB,-183,-57,-1032
01/07/2021 11:43:53.557,1968684,BM2V220 @313548,54775,49FF84FF36FC,-183,-124,-970
01/07/2021 11:43:53.587,1968714,BM2V220 @313548,54782,1EFF70FF37FC,-226,-144,-969
01/07/2021 11:43:53.647,1968774,BM2V220 @313548,54788,25FF76FF30FC,-219,-138,-976
01/07/2021 11:43:53.707,1968834,BM2V220 @313548,54794,27FF75FF22FC,-217,-139,-990
01/07/2021 11:43:53.737,1968864,BM2V220 @313548,54800,3AFF84FF10FC,-198,-124,-1008
01/07/2021 11:43:53.797,1968924,BM2V220 @313548,54807,3CFF8AFF00FC,-196,-118,-1024
01/07/2021 11:43:53.857,1968984,BM2V220 @313548,54813,45FF8DFFF8FB,-187,-115,-1032
01/07/2021 11:43:53.887,1969014,BM2V220 @313548,54819,5DFF85FFEBFB,-163,-123,-1045
01/07/2021 11:43:53.947,1969074,BM2V220 @313548,54825,6FFF8DFFE6FB,-145,-115,-1050
01/07/2021 11:43:54.007,1969134,BM2V220 @313548,54832,81FF8DFFE9FB,-127,-115,-1047
01/07/2021 11:43:54.037,1969164,BM2V220 @313548,54838,8DFF8AFFECFB,-115,-118,-1044
01/07/2021 11:43:54.097,1969224,BM2V220 @313548,54844,7EFF75FFFAFB,-130,-139,-1030
01/07/2021 11:43:54.157,1969284,BM2V220 @313548,54850,72FF7FFFF8FB,-142,-129,-1032
01/07/2021 11:43:54.187,1969313,BM2V220 @313548,54857,76FF76FF01FC,-138,-138,-1023
01/07/2021 11:43:54.247,1969374,BM2V220 @313548,54863,72FF73FF07FC,-142,-141,-1017
01/07/2021 11:43:54.307,1969434,BM2V220 @313548,54869,6FFF6AFF06FC,-145,-150,-1018
01/07/2021 11:43:54.337,1969464,BM2V220 @313548,54875,64FF64FF0FFC,-156,-156,-1009
01/07/2021 11:43:54.397,1969524,BM2V220 @313548,54882,60FF64FF13FC,-160,-156,-1005
01/07/2021 11:43:54.457,1969585,BM2V220 @313548,54888,61FF63FF1CFC,-159,-157,-996
01/07/2021 11:43:54.487,1969614,BM2V220 @313548,54894,63FF5EFF24FC,-157,-162,-988
01/07/2021 11:43:54.547,1969674,BM2V220 @313548,54900,64FF5AFF1CFC,-156,-166,-996
01/07/2021 11:43:54.607,1969735,BM2V220 @313548,54907,67FF57FF22FC,-153,-169,-990
01/07/2021 11:43:54.637,1969764,BM2V220 @313548,54913,6AFF5DFF1BFC,-150,-163,-997
01/07/2021 11:43:54.697,1969824,BM2V220 @313548,54919,6FFF5AFF27FC,-145,-166,-985
01/07/2021 11:43:54.757,1969885,BM2V220 @313548,54925,75FF51FF1FFC,-139,-175,-993
01/07/2021 11:43:54.787,1969913,BM2V220 @313548,54932,76FF58FF1BFC,-138,-168,-997
01/07/2021 11:43:54.847,1969974,BM2V220 @313548,54938,78FF5AFF1CFC,-136,-166,-996
01/07/2021 11:43:54.907,1970034,BM2V220 @313548,54944,78FF61FF18FC,-136,-159,-1000
01/07/2021 11:43:54.937,1970065,BM2V220 @313548,54950,7FFF60FF22FC,-129,-160,-990
01/07/2021 11:43:54.997,1970124,BM2V220 @313548,54957,75FF55FF1FFC,-139,-171,-993
01/07/2021 11:43:55.057,1970184,BM2V220 @313548,54963,70FF55FF1FFC,-144,-171,-993
01/07/2021 11:43:55.087,1970214,BM2V220 @313548,54969,6CFF52FF16FC,-148,-174,-1002
01/07/2021 11:43:55.147,1970274,BM2V220 @313548,54975,72FF57FF21FC,-142,-169,-991
01/07/2021 11:43:55.207,1970335,BM2V220 @313548,54982,66FF58FF1EFC,-154,-168,-994
01/07/2021 11:43:55.237,1970364,BM2V220 @313548,54988,72FF5AFF1EFC,-142,-166,-994
01/07/2021 11:43:55.297,1970424,BM2V220 @313548,54994,73FF4EFF1EFC,-141,-178,-994
01/07/2021 11:43:55.357,1970484,BM2V220 @313548,55000,72FF55FF19FC,-142,-171,-999
01/07/2021 11:43:55.387,1970514,BM2V220 @313548,55007,73FF5AFF21FC,-141,-166,-991
01/07/2021 11:43:55.447,1970574,BM2V220 @313548,55013,76FF4EFF22FC,-138,-178,-990
01/07/2021 11:43:55.507,1970634,BM2V220 @313548,55019,76FF3FFF2AFC,-138,-193,-982
01/07/2021 11:43:55.537,1970664,BM2V220 @313548,55025,76FF46FF21FC,-138,-186,-991
01/07/2021 11:43:55.597,1970724,BM2V220 @313548,55032,6DFF48FF2BFC,-147,-184,-981
01/07/2021 11:43:55.657,1970784,BM2V220 @313548,55038,66FF42FF34FC,-154,-190,-972
01/07/2021 11:43:55.687,1970814,BM2V220 @313548,55044,81FF4CFF24FC,-127,-180,-988
01/07/2021 11:43:55.747,1970874,BM2V220 @313548,55050,70FF3FFF1BFC,-144,-193,-997
01/07/2021 11:43:55.807,1970934,BM2V220 @313548,55057,7FFF4BFF16FC,-129,-181,-1002
01/07/2021 11:43:55.837,1970964,BM2V220 @313548,55063,8AFF46FF0AFC,-118,-186,-1014
01/07/2021 11:43:55.897,1971024,BM2V220 @313548,55069,96FF42FF0DFC,-106,-190,-1011
01/07/2021 11:43:55.957,1971085,BM2V220 @313548,55075,A0FF46FF06FC,-96,-186,-1018
01/07/2021 11:43:55.987,1971114,BM2V220 @313548,55082,AFFF52FF01FC,-81,-174,-1023
01/07/2021 11:43:56.047,1971174,BM2V220 @313548,55088,C0FF55FFFAFB,-64,-171,-1030
01/07/2021 11:43:56.107,1971235,BM2V220 @313548,55094,C7FF52FF01FC,-57,-174,-1023
01/07/2021 11:43:56.137,1971264,BM2V220 @313548,55100,C9FF54FFFBFB,-55,-172,-1029
01/07/2021 11:43:56.197,1971324,BM2V220 @313548,55107,C7FF5BFFF8FB,-57,-165,-1032
01/07/2021 11:43:56.257,1971384,BM2V220 @313548,55113,C6FF58FFF1FB,-58,-168,-1039
01/07/2021 11:43:56.287,1971414,BM2V220 @313548,55119,C3FF5BFFF1FB,-61,-165,-1039
01/07/2021 11:43:56.347,1971474,BM2V220 @313548,55125,C4FF58FFEEFB,-60,-168,-1042
01/07/2021 11:43:56.407,1971534,BM2V220 @313548,55132,CCFF60FFECFB,-52,-160,-1044
01/07/2021 11:43:56.437,1971565,BM2V220 @313548,55138,CDFF5DFFEEFB,-51,-163,-1042
01/07/2021 11:43:56.497,1971624,BM2V220 @313548,55144,CDFF63FFF2FB,-51,-157,-1038
01/07/2021 11:43:56.557,1971685,BM2V220 @313548,55150,C6FF5EFFF2FB,-58,-162,-1038
01/07/2021 11:43:56.587,1971714,BM2V220 @313548,55157,D0FF5DFFFBFB,-48,-163,-1029
01/07/2021 11:43:56.647,1971774,BM2V220 @313548,55163,C6FF58FFF4FB,-58,-168,-1036
01/07/2021 11:43:56.707,1971834,BM2V220 @313548,55169,D2FF5DFFF1FB,-46,-163,-1039
01/07/2021 11:43:56.737,1971864,BM2V220 @313548,55175,CDFF61FFF4FB,-51,-159,-1036
01/07/2021 11:43:56.797,1971924,BM2V220 @313548,55182,C9FF55FFEEFB,-55,-171,-1042
01/07/2021 11:43:56.857,1971984,BM2V220 @313548,55188,C7FF63FFECFB,-57,-157,-1044
01/07/2021 11:43:56.887,1972013,BM2V220 @313548,55194,D0FF58FFFDFB,-48,-168,-1027
01/07/2021 11:43:56.976,1972107,BM2V220 @313548,55200,CDFF64FFF4FB,-51,-156,-1036
01/07/2021 11:43:57.007,1972133,BM2V220 @313548,55207,CFFF5EFFF4FB,-49,-162,-1036
01/07/2021 11:43:57.037,1972164,BM2V220 @313548,55213,CCFF55FFF1FB,-52,-171,-1039
01/07/2021 11:43:57.098,1972225,BM2V220 @313548,55219,CAFF5DFFF4FB,-54,-163,-1036
01/07/2021 11:43:57.157,1972284,BM2V220 @313548,55225,CCFF5BFFF5FB,-52,-165,-1035
01/07/2021 11:43:57.186,1972313,BM2V220 @313548,55232,CAFF63FFF1FB,-54,-157,-1039
01/07/2021 11:43:57.248,1972375,BM2V220 @313548,55238,C7FF61FFEBFB,-57,-159,-1045
01/07/2021 11:43:57.307,1972434,BM2V220 @313548,55244,CDFF5BFFF5FB,-51,-165,-1035
01/07/2021 11:43:57.337,1972464,BM2V220 @313548,55250,C6FF60FFF2FB,-58,-160,-1038
01/07/2021 11:43:57.398,1972525,BM2V220 @313548,55257,D8FF67FFFAFB,-40,-153,-1030
01/07/2021 11:43:57.457,1972584,BM2V220 @313548,55263,CCFF60FFEFFB,-52,-160,-1041
01/07/2021 11:43:57.486,1972613,BM2V220 @313548,55269,CAFF57FFF7FB,-54,-169,-1033
01/07/2021 11:43:57.547,1972673,BM2V220 @313548,55275,D2FF61FFEFFB,-46,-159,-1041
01/07/2021 11:43:57.607,1972734,BM2V220 @313548,55282,CDFF5BFFEEFB,-51,-165,-1042
01/07/2021 11:43:57.637,1972764,BM2V220 @313548,55288,C9FF5AFFF8FB,-55,-166,-1032
01/07/2021 11:43:57.697,1972824,BM2V220 @313548,55294,CCFF57FFF1FB,-52,-169,-1039
01/07/2021 11:43:57.757,1972884,BM2V220 @313548,55300,C3FF58FFF1FB,-61,-168,-1039
01/07/2021 11:43:57.787,1972914,BM2V220 @313548,55307,C7FF55FFECFB,-57,-171,-1044
01/07/2021 11:43:57.847,1972974,BM2V220 @313548,55313,C6FF58FFEEFB,-58,-168,-1042
01/07/2021 11:43:57.907,1973035,BM2V220 @313548,55319,CAFF55FFF4FB,-54,-171,-1036
01/07/2021 11:43:57.937,1973064,BM2V220 @313548,55325,C4FF61FFF8FB,-60,-159,-1032
01/07/2021 11:43:57.997,1973124,BM2V220 @313548,55332,CCFF5DFFF2FB,-52,-163,-1038
01/07/2021 11:43:58.057,1973185,BM2V220 @313548,55338,BEFF58FFF1FB,-66,-168,-1039
01/07/2021 11:43:58.087,1973214,BM2V220 @313548,55344,CDFF58FFF2FB,-51,-168,-1038
01/07/2021 11:43:58.147,1973274,BM2V220 @313548,55350,C9FF5EFFF5FB,-55,-162,-1035
01/07/2021 11:43:58.207,1973335,BM2V220 @313548,55357,CAFF63FFEFFB,-54,-157,-1041
01/07/2021 11:43:58.237,1973364,BM2V220 @313548,55363,C9FF57FFEBFB,-55,-169,-1045
01/07/2021 11:43:58.297,1973424,BM2V220 @313548,55369,C3FF55FFF1FB,-61,-171,-1039
01/07/2021 11:43:58.357,1973485,BM2V220 @313548,55375,CDFF58FFEBFB,-51,-168,-1045
01/07/2021 11:43:58.386,1973513,BM2V220 @313548,55382,CDFF60FFE9FB,-51,-160,-1047
01/07/2021 11:43:58.447,1973574,BM2V220 @313548,55388,C6FF61FFE9FB,-58,-159,-1047
01/07/2021 11:43:58.507,1973635,BM2V220 @313548,55394,C9FF54FFF8FB,-55,-172,-1032
01/07/2021 11:43:58.537,1973665,BM2V220 @313548,55400,C4FF5BFFECFB,-60,-165,-1044
01/07/2021 11:43:58.597,1973725,BM2V220 @313548,55407,C6FF60FFF1FB,-58,-160,-1039
01/07/2021 11:43:58.657,1973785,BM2V220 @313548,55413,C4FF66FFE6FB,-60,-154,-1050
01/07/2021 11:43:58.687,1973814,BM2V220 @313548,55419,C7FF58FFEEFB,-57,-168,-1042
01/07/2021 11:43:58.747,1973876,BM2V220 @313548,55425,CDFF57FFF1FB,-51,-169,-1039
01/07/2021 11:43:58.818,1973945,BM2V220 @313548,55432,C9FF5BFFF8FB,-55,-165,-1032
01/07/2021 11:43:58.836,1973963,BM2V220 @313548,55438,C9FF5BFFF2FB,-55,-165,-1038
01/07/2021 11:43:58.897,1974025,BM2V220 @313548,55444,C9FF5DFFF5FB,-55,-163,-1035
01/07/2021 11:43:58.957,1974084,BM2V220 @313548,55450,C7FF63FFF1FB,-57,-157,-1039
01/07/2021 11:43:58.986,1974113,BM2V220 @313548,55457,D0FF5BFFF5FB,-48,-165,-1035
01/07/2021 11:43:59.048,1974175,BM2V220 @313548,55463,CAFF67FFEFFB,-54,-153,-1041
01/07/2021 11:43:59.107,1974234,BM2V220 @313548,55469,C4FF60FFEEFB,-60,-160,-1042
01/07/2021 11:43:59.137,1974264,BM2V220 @313548,55475,C9FF5AFFEBFB,-55,-166,-1045
